Interstellar,19:00,31-01-2018,Seats Booked:0,Seats Available: 15
Interstellar,21:00,31-01-2018,Seats Booked:0,Seats Available: 15
Interstellar,19:00,01-02-2018,Seats Booked:0,Seats Available: 15
Interstellar,21:00,01-02-2018,Seats Booked:0,Seats Available: 15
Interstellar,19:00,02-02-2018,Seats Booked:0,Seats Available: 15
Interstellar,21:00,02-02-2018,Seats Booked:0,Seats Available: 15
Interstellar,19:00,03-02-2018,Seats Booked:0,Seats Available: 15
Interstellar,21:00,03-02-2018,Seats Booked:0,Seats Available: 15
Interstellar,19:00,04-02-2018,Seats Booked:0,Seats Available: 15
Interstellar,21:00,04-02-2018,Seats Booked:0,Seats Available: 15
Interstellar,19:00,05-02-2018,Seats Booked:0,Seats Available: 15
Interstellar,21:00,05-02-2018,Seats Booked:0,Seats Available: 15
Interstellar,19:00,06-02-2018,Seats Booked:0,Seats Available: 15
Interstellar,21:00,06-02-2018,Seats Booked:0,Seats Available: 15
Interstellar,19:00,07-02-2018,Seats Booked:0,Seats Available: 15
Interstellar,21:00,07-02-2018,Seats Booked:0,Seats Available: 15
Interstellar,19:00,08-02-2018,Seats Booked:0,Seats Available: 15
Interstellar,21:00,08-02-2018,Seats Booked:0,Seats Available: 15
Interstellar,19:00,09-02-2018,Seats Booked:0,Seats Available: 15
Interstellar,21:00,09-02-2018,Seats Booked:0,Seats Available: 15
Interstellar,19:00,10-02-2018,Seats Booked:0,Seats Available: 15
Interstellar,21:00,10-02-2018,Seats Booked:0,Seats Available: 15
Thor Ragnarek,18:00,31-01-2018,Seats Booked:0,Seats Available: 15
Thor Ragnarek,18:00,01-02-2018,Seats Booked:0,Seats Available: 15
Thor Ragnarek,18:00,02-02-2018,Seats Booked:0,Seats Available: 15
Thor Ragnarek,18:00,03-02-2018,Seats Booked:0,Seats Available: 15
Thor Ragnarek,18:00,04-02-2018,Seats Booked:0,Seats Available: 15
The Godfather,17:00,31-01-2018,Seats Booked:0,Seats Available: 15
The Godfather,15:00,31-01-2018,Seats Booked:0,Seats Available: 15
The Godfather,17:00,01-02-2018,Seats Booked:0,Seats Available: 15
The Godfather,15:00,01-02-2018,Seats Booked:0,Seats Available: 15
The Godfather,17:00,02-02-2018,Seats Booked:0,Seats Available: 15
The Godfather,15:00,02-02-2018,Seats Booked:0,Seats Available: 15
